Model,Overall Accuracy,Overall F1 (macro),Accuracy Gap (male-female),Male Accuracy,Female Accuracy
BERT-baseline,0.8598653463747489,0.8107693194684649,-0.009230736834572206,0.8556098657227934,0.8648406025573656
BERT-postproc_q05,0.8469046825949591,0.7969069645643836,-0.009715751319366528,0.842425604434706,0.8521413557540726
